"dstSRS","srcSRS","schema_name","version_name","geometryType","layerCreationOptions","metaInfo","path","srcOpenOptions","newFieldNames"
"EPSG:4326","EPSG:2263","dcp_ntaboundaries","19c","MULTIPOLYGON","['OVERWRITE=YES', 'PRECISION=NO']","dcp_ntaboundaries is coming from bytes of big apple","https://www1.nyc.gov/assets/planning/download/zip/data-maps/open-data/nynta_19c.zip/nynta_19c/nynta.shp","[]","[]"
"EPSG:4326","EPSG:4326","doitt_buildingfootprints",,"MULTIPOLYGON","['OVERWRITE=YES', 'PRECISION=NO']","doitt_buildingfootprints is coming from NYC opendata","https://data.cityofnewyork.us/api/views/pveh-6jge/rows.csv","['AUTODETECT_TYPE=NO', 'EMPTY_STRING_AS_NULL=YES', 'GEOM_POSSIBLE_NAMES=the_geom']","[]"
"EPSG:4326","EPSG:2263","dcp_mih",,"MULTIPOLYGON","['OVERWRITE=YES', 'PRECISION=NO']","s3","https://edm-storage.nyc3.digitaloceanspaces.com/MANDATORY_INCLUSIONARY_HOUSING/20191030/mandatory_inclusionary_housing.zip","[]","[]"
"EPSG:4326","EPSG:2263","dcp_zoningmapamendments",,"MULTIPOLYGON","['OVERWRITE=YES', 'PRECISION=NO']","s3","https://edm-storage.nyc3.digitaloceanspaces.com/ZONING_FEATURES/zoning_map_amendments/20191031/zoning_map_amendments.zip","[]","[]"
"EPSG:4326","EPSG:2263","dcp_limitedheight",,"MULTIPOLYGON","['OVERWRITE=YES', 'PRECISION=NO']","s3","https://edm-storage.nyc3.digitaloceanspaces.com/ZONING_FEATURES/limited_height_districts/20191031/limited_height_districts.zip","[]","[]"
"EPSG:4326","EPSG:4326","dcas_ipis",,"POINT","['OVERWRITE=YES']","dcas_ipis is very out of date on the opendata website","https://data.cityofnewyork.us/api/views/n5mv-nfpy/rows.csv","['AUTODETECT_TYPE=NO', 'EMPTY_STRING_AS_NULL=YES', 'GEOM_POSSIBLE_NAMES=*geom*', 'X_POSSIBLE_NAMES=longitude,x', 'Y_POSSIBLE_NAMES=latitude,y']","['BOROUGH', 'BLOCK', 'LOT', 'PARCEL_NAME', 'PARCEL_ADDRESS', 'JURIS', 'JurisDescription', 'RPAD', 'RPAD_DESCRIPTION', 'PROP_FRONT', 'PROP_DEPTH', 'PROP_SQFT', 'IRREG', 'BLD_FRONT', 'BLD_DEPTH', 'BLD_SQFT', 'NUM_BLD', 'FLOORS', 'CommunityBoard', 'COUNCILDISTRICT', 'COUNCILMEMBER_NAME', 'PR_ZONE', 'OV_ZONE', 'SD_ZONE', 'BBL', 'WATERFRONT', 'URBANRENEWALSITE', 'Agency', 'Owned_Leased', 'PrimaryUse', 'FinalCommitment', 'Agreement_Lease_Out', 'Postcode', 'Latitude', 'Longitude', 'CensusTract', 'BIN', 'NTA']"
"EPSG:4326","EPSG:2263","dcp_school_districts","19c","MULTIPOLYGON","['OVERWRITE=YES', 'PRECISION=NO']","dcp_school_districts is coming from bytes of big apple","https://www1.nyc.gov/assets/planning/download/zip/data-maps/open-data/nysd_19c.zip/nysd_19c/nysd.shp","[]","[]"
"EPSG:4326","EPSG:2263","dof_dtm",,"MULTIPOLYGON","['OVERWRITE=YES', 'PRECISION=NO']","s3","https://edm-storage.nyc3.digitaloceanspaces.com/DTM/tax_lot_polygon/20191101/tax_lot_polygon.zip","[]","[]"
"EPSG:4326","EPSG:4326","dcp_zoningtaxlots","2019/09/30","NONE","[]","dcp_zoningtaxlots is coming from bytes","https://www1.nyc.gov/assets/planning/download/zip/data-maps/open-data/nyczoningtaxlotdb_20190930.zip/NY_ZoningTaxLotDB20190930.csv","['AUTODETECT_TYPE=NO', 'EMPTY_STRING_AS_NULL=YES', 'GEOM_POSSIBLE_NAMES=the_geom']","['BoroughCode', 'TaxBlock', 'TaxLot', 'bbl', 'ZoningDistrict1', 'ZoningDistrict2', 'ZoningDistrict3', 'ZoningDistrict4', 'CommercialOverlay1', 'CommercialOverlay2', 'SpecialDistrict1', 'SpecialDistrict2', 'SpecialDistrict3', 'LimitedHeightDistrict', 'ZoningMapNumber', 'ZoningMapCode']"
"EPSG:4326","EPSG:2263","dcp_boroboundaries_wi","19c","MULTIPOLYGON","['OVERWRITE=YES', 'PRECISION=NO']","dcp_boroboundaries_wi is coming from bytes of big apple","https://www1.nyc.gov/assets/planning/download/zip/data-maps/open-data/nybbwi_19c.zip/nybbwi_19c/nybbwi.shp","[]","[]"
"EPSG:4326","EPSG:2263","dcp_councildistricts","19c","MULTIPOLYGON","['OVERWRITE=YES', 'PRECISION=NO']","dcp_councildistricts is coming from bytes of big apple","https://www1.nyc.gov/assets/planning/download/zip/data-maps/open-data/nyccwi_19c.zip/nyccwi_19c/nyccwi.shp","[]","[]"
"EPSG:4326","EPSG:2263","dcp_specialpurpose",,"MULTIPOLYGON","['OVERWRITE=YES', 'PRECISION=NO']","s3","https://edm-storage.nyc3.digitaloceanspaces.com/ZONING_FEATURES/special_purpose_districts/20191031/special_purpose_districts.zip","[]","[]"
"EPSG:4326","EPSG:2263","dcp_censusblocks","19c","MULTIPOLYGON","['OVERWRITE=YES', 'PRECISION=NO']","dcp_censusblocks is coming from bytes of big apple","https://www1.nyc.gov/assets/planning/download/zip/data-maps/open-data/nycb2010wi_19c.zip/nycb2010wi_19c/nycb2010wi.shp","[]","[]"
"EPSG:4326","EPSG:2263","dcp_zoningmapindex",,"MULTIPOLYGON","['OVERWRITE=YES', 'PRECISION=NO']","dcp_zoningmapindex is coming from ftp","FTP_PREFIX/agencySourceData/dcp/DCP_Quartersection_Index.zip/DCP_Quartersection_Index.shp","[]","[]"
"EPSG:4326","EPSG:2263","dcp_specialpurposesubdistricts",,"MULTIPOLYGON","['OVERWRITE=YES', 'PRECISION=NO']","s3","https://edm-storage.nyc3.digitaloceanspaces.com/ZONING_FEATURES/special_purpose_subdistricts/20191031/special_purpose_subdistricts.zip","[]","[]"
"EPSG:4326","EPSG:2263","dcp_zoningdistricts",,"MULTIPOLYGON","['OVERWRITE=YES', 'PRECISION=NO']","s3","https://edm-storage.nyc3.digitaloceanspaces.com/ZONING_FEATURES/zoning_districts/20191031/zoning_districts.zip","[]","[]"
"EPSG:4326","EPSG:2263","dcp_commercialoverlay",,"MULTIPOLYGON","['OVERWRITE=YES', 'PRECISION=NO']","s3","https://edm-storage.nyc3.digitaloceanspaces.com/ZONING_FEATURES/commercial_overlays/20191031/commercial_overlays.zip","[]","[]"
"EPSG:4326","EPSG:2263","dcp_cdboundaries","19c","MULTIPOLYGON","['OVERWRITE=YES', 'PRECISION=NO']","dcp_cdboundaries is coming from bytes of big apple","https://www1.nyc.gov/assets/planning/download/zip/data-maps/open-data/nycdwi_19c.zip/nycdwi_19c/nycdwi.shp","[]","[]"
"EPSG:4326","EPSG:2263","dcp_edesignation",,"POINT","['OVERWRITE=YES', 'PRECISION=NO']","coming from bytes of big apple","https://edm-storage.nyc3.digitaloceanspaces.com/E_DESIGNATIONS/20191001/e_designations.zip","[]","[]"
"EPSG:4326","EPSG:4326","lpc_historic_districts",,"MULTIPOLYGON","['OVERWRITE=YES', 'PRECISION=NO']","Open data ","https://data.cityofnewyork.us/api/views/x3ar-yjn2/rows.csv","['AUTODETECT_TYPE=NO', 'EMPTY_STRING_AS_NULL=YES', 'GEOM_POSSIBLE_NAMES=the_geom']","['BIN', 'OBJECTID', 'the_geom', 'BBL', 'DOITT_ID', 'HEIGHT_ROO', 'GROUND_ELE', 'Borough', 'Block', 'Lot', 'ZipCode', 'Address', 'OwnerName', 'NumFloors', 'YearBuilt', 'YearAlter1', 'YearAlter2', 'Des_Addres', 'Circa', 'Date_Low', 'Date_High', 'Date_Combo', 'Alt_Date_1', 'Arch_Build', 'Alt_Date_2', 'Own_Devel', 'Alt_Arch_1', 'Alt_Arch_2', 'Altered', 'Style_Prim', 'Style_Sec', 'Style_Oth', 'NonContrib', 'Mat_Prim', 'Mat_Sec', 'Mat_Third', 'Mat_Four', 'Mat_Other', 'Use_Orig', 'Use_Other', 'Build_Type', 'Build_Oth', 'Build_Nme', 'Notes', 'NewConst', 'Hist_Dist', 'ERA', 'LM_Orig', 'LM_New', 'HD_FLAG', 'IL_FLAG', 'Shape_Leng', 'Shape_Area', 'BBL_2']"
"EPSG:4326","EPSG:4326","lpc_landmarks",,"POINT","['OVERWRITE=YES', 'PRECISION=NO']","Open data ","https://data.cityofnewyork.us/api/views/ncre-qhxs/rows.csv","['AUTODETECT_TYPE=NO', 'EMPTY_STRING_AS_NULL=YES', 'GEOM_POSSIBLE_NAMES=the_geom']","['the_geom', 'BIN_NUMBER', 'BBL', 'BoroughID', 'BLOCK', 'LOT', 'LP_NUMBER', 'LM_NAME', 'PLUTO_ADDR', 'DESIG_ADDR', 'PUBLIC_HEA', 'LM_TYPE', 'HIST_DISTR', 'OTHER_HEAR', 'BOUNDARIES', 'MOST_CURRE', 'STATUS', 'LAST_ACTIO', 'COUNT_BLDG', 'NON_BLDG', 'VACANT_LOT', 'SECND_BLDG', 'DESDATE', 'CALDATE', 'Zip_Codes', 'Community_Districts', 'Borough_Boundaries', 'City_Council_Districts', 'Police_Precincts']"
"EPSG:4326","EPSG:2263","dcp_firecompanies","19c","MULTIPOLYGON","['OVERWRITE=YES', 'PRECISION=NO']","Bytes","https://www1.nyc.gov/assets/planning/download/zip/data-maps/open-data/nyfc_19c.zip/nyfc_19c/nyfc.shp","[]","[]"
"EPSG:4326","EPSG:2263","dcp_policeprecincts","19c","MULTIPOLYGON","['OVERWRITE=YES', 'PRECISION=NO']","Bytes","https://www1.nyc.gov/assets/planning/download/zip/data-maps/open-data/nypp_19c.zip/nypp_19c/nypp.shp","[]","[]"
"EPSG:4326","EPSG:2263","dcp_healthareas","19c","MULTIPOLYGON","['OVERWRITE=YES', 'PRECISION=NO']","Bytes","https://www1.nyc.gov/assets/planning/download/zip/data-maps/open-data/nyha_19c.zip/nyha_19c/nyha.shp","[]","[]"
"EPSG:4326","EPSG:2263","dcp_healthcenters","19c","MULTIPOLYGON","['OVERWRITE=YES', 'PRECISION=NO']","Bytes","https://www1.nyc.gov/assets/planning/download/zip/data-maps/open-data/nyhc_19c.zip/nyhc_19c/nyhc.shp","[]","[]"
"EPSG:4326","EPSG:2263","dcp_zoning_maxfar",,"POINT","['OVERWRITE=YES', 'PRECISION=NO']","github","https://raw.githubusercontent.com/NYCPlanning/db-pluto/master/pluto_build/data/dcp_zoning_maxfar.csv","['AUTODETECT_TYPE=NO', 'EMPTY_STRING_AS_NULL=YES']","['zonedist', 'Contextual', 'zoningdistricttype', 'residfar', 'facilfar', 'commfar', 'mnffar', 'Column1', 'verified', 'extra']"
"EPSG:4326","EPSG:2263","pluto_input_bsmtcode",,"POINT","['OVERWRITE=YES', 'PRECISION=NO']","github","https://raw.githubusercontent.com/NYCPlanning/db-pluto/master/pluto_build/data/pluto_input_bsmtcode.csv","['AUTODETECT_TYPE=NO', 'EMPTY_STRING_AS_NULL=YES']","['bsmnt_type', 'bsmntgradient', 'bsmtcode', 'bsmnt_typevalue', 'bsmntgradientvalue', 'bsmtcodevalue']"
"EPSG:4326","EPSG:2263","pluto_input_landuse_bldgclass",,"POINT","['OVERWRITE=YES', 'PRECISION=NO']","github","https://raw.githubusercontent.com/NYCPlanning/db-pluto/master/pluto_build/data/pluto_input_landuse_bldgclass.csv","['AUTODETECT_TYPE=NO', 'EMPTY_STRING_AS_NULL=YES']","['bldgclass', 'landuse', 'landusevalue']"
"EPSG:4326","EPSG:2263","pluto_input_condo_bldgclass",,"POINT","['OVERWRITE=YES', 'PRECISION=NO']","github","https://raw.githubusercontent.com/NYCPlanning/db-pluto/master/pluto_build/data/pluto_input_condo_bldgclass.csv","['AUTODETECT_TYPE=NO', 'EMPTY_STRING_AS_NULL=YES']","['Code', 'Description', 'Type', 'DCPcreated', 'Logic']"
"EPSG:4326","EPSG:2263","pluto_input_cama_dof",,"POINT","['OVERWRITE=YES', 'PRECISION=NO']","FTP","FTP_PREFIX/agencySourceData/dof/pluto_input_cama_dof.txt","['AUTODETECT_TYPE=NO', 'EMPTY_STRING_AS_NULL=YES']","['BBL', 'PARCELCARD', 'BLDGNUM', 'BLDGCLASS', 'PRIMARYUSECODE', 'DEVELOPMENTNAME', 'STREETTYPE', 'LOTTYPE', 'RESIDAREA', 'OFFICEAREA', 'RETAILAREA', 'GARAGEAREA', 'STORAGEAREA', 'FACTORYAREA', 'OTHERAREA', 'GROSSAREA', 'OWNERAREA', 'GROSSVOLUME', 'COMMERCIALAREA', 'PROXCODE', 'BSMNT_TYPE', 'BSMNTGRADIENT', 'BSMNTAREA', 'FIRSTFLOORAREA', 'SECONDFLOORAREA', 'UPPERFLOORAREA', 'PARTRESFLOORAREA', 'UNFINISHEDFLOORAREA', 'FINISHEDFLOORAREA', 'NONRESIDFLOORAREA', 'RESIDCONSTRTYPE', 'COMMERCIALCONSTRTYPE', 'CONDOMAINCONSTRTYPE', 'CONDOUNITSCONSTRTYPE']"
"EPSG:4326","EPSG:2263","dof_shoreline",,"MULTIPOLYGON","['OVERWRITE=YES', 'PRECISION=NO']","s3","https://edm-storage.nyc3.digitaloceanspaces.com/DTM/shoreline_polygon/20191101/shoreline_polygon.zip","[]","[]"
"EPSG:4326","EPSG:2263","dof_condo",,"POINT","['OVERWRITE=YES', 'PRECISION=NO']","s3","https://edm-storage.nyc3.digitaloceanspaces.com/DTM/condo/20191101/condo.zip/condo.csv","['AUTODETECT_TYPE=NO', 'EMPTY_STRING_AS_NULL=YES']","['OBJECTID', 'CONDO_BORO', 'CONDO_KEY', 'CONDO_NAME', 'CONDO_BASE', 'CONDO_BILL', 'CONDO_BA_1', 'AIR_RIGHTS', 'BILLING_LO', 'CREATED_BY', 'CREATED_DA', 'LAST_MODIF', 'LAST_MOD_1', 'AV_CHANGE', 'BW_CHANGE', 'GLOBALID', 'CONDO_NUMB']"
"EPSG:4326","EPSG:2263","fema_firms2007_100yr",,"MULTIPOLYGON","['OVERWRITE=YES', 'PRECISION=NO']","FTP","FTP_PREFIX/agencySourceData/fema/FIRM2007.zip/FIRM2007_s_fld_haz_az.shp","[]","[]"
"EPSG:4326","EPSG:2263","fema_pfirms2015_100yr",,"MULTIPOLYGON","['OVERWRITE=YES', 'PRECISION=NO']","FTP","FTP_PREFIX/agencySourceData/fema/PFIRM2015.zip/PFIRM_s_fld_haz_ar.shp","[]","[]"
"EPSG:4326","EPSG:2263","pluto_input_condolot_descriptiveattributes",,"POINT","['OVERWRITE=YES', 'PRECISION=NO']","github","https://raw.githubusercontent.com/NYCPlanning/db-pluto/master/pluto_build/data/pluto_input_condolot_descriptiveattributes.csv","['AUTODETECT_TYPE=NO', 'EMPTY_STRING_AS_NULL=YES']","['CondNO', 'Boro', 'PARID', 'BC', 'TC', 'LandSize', 'Story', 'YearBuilt']"
"EPSG:4326","EPSG:4326","dsny_frequencies",,"MULTIPOLYGON","['OVERWRITE=YES', 'PRECISION=NO']","Opendata, need further review, this dataset has two layers","https://data.cityofnewyork.us/api/geospatial/gyhq-r8du?method=export&format=GeoJSON","[]","[]"
"EPSG:4326","EPSG:2263","dcp_censustracts","19c","MULTIPOLYGON","['OVERWRITE=YES', 'PRECISION=NO']","Bytes","https://www1.nyc.gov/assets/planning/download/zip/data-maps/open-data/nyct2010wi_19c.zip/nyct2010wi_19c/nyct2010wi.shp","[]","[]"
"EPSG:4326","EPSG:2263","dcas_facilities_colp",,"POINT","['OVERWRITE=YES', 'PRECISION=NO']","FTP","FTP_PREFIX/agencySourceData/dcas/COLP_20181025.zip/COLP_20181025.shp","[]","[]"
"EPSG:4326","EPSG:2263","dob_permitissuance",,"POINT","['OVERWRITE=YES', 'PRECISION=NO']","s3","https://sfo2.digitaloceanspaces.com/db-data-recipes/recipes/dob_permitissuance/2019-08-15/dob_permitissuance.csv","['AUTODETECT_TYPE=NO', 'EMPTY_STRING_AS_NULL=YES', 'GEOM_POSSIBLE_NAMES=the_geom']","['BOROUGH', 'Binnum', 'Housenum', 'StreetName', 'Jobnum', 'Jobdocnum', 'JobType', 'Self_Cert', 'Block', 'Lot', 'CommunityBoard', 'ZipCode', 'BldgType', 'Residential', 'SpecialDistrict1', 'SpecialDistrict2', 'WorkType', 'PermitStatus', 'FilingStatus', 'PermitType', 'PermitSequencenum', 'PermitSubtype', 'OilGas', 'SiteFill', 'FilingDate', 'IssuanceDate', 'ExpirationDate', 'JobStartDate', 'PermitteeFirstName', 'PermitteeLastName', 'PermitteeBusinessName', 'PermitteePhonenum', 'PermitteeLicenseType', 'PermitteeLicensenum', 'ActSuperintendent', 'PermitteeOtherTitle', 'HICLicense', 'SiteSafetyMgrFirstName', 'SiteSafetyMgrLastName', 'SiteSafetyMgrBusinessName', 'SuperintendentFirstLastName', 'SuperintendentBusinessName', 'OwnerBusinessType', 'NonProfit', 'OwnerBusinessName', 'OwnerFirstName', 'OwnerLastName', 'OwnerHousenum', 'OwnerHouseStreetName', 'OwnerHouseCity', 'OwnerHouseState', 'OwnerHouseZipCode', 'OwnerPhonenum', 'DOBRunDate', 'PERMITSINO', 'LATITUDE', 'LONGITUDE', 'COUNCILDISTRICT', 'CENSUSTRACT', 'NTANAME']"
"EPSG:4326","EPSG:2263","dob_jobapplications",,"POINT","['OVERWRITE=YES', 'PRECISION=NO']","s3","https://sfo2.digitaloceanspaces.com/db-data-recipes/recipes/dob_jobapplications/2019-08-15/dob_jobapplications.csv","['AUTODETECT_TYPE=NO', 'EMPTY_STRING_AS_NULL=YES', 'GEOM_POSSIBLE_NAMES=the_geom']","['jobnumber', 'jobdocnumber', 'borough', 'housenumber', 'streetname', 'block', 'lot', 'bin', 'jobtype', 'jobstatus', 'jobstatusdesc', 'latestactiondate', 'buildingtype', 'communityboard', 'cluster', 'landmarked', 'adultestab', 'loftboard', 'cityowned', 'littlee', 'pcfiled', 'efilingfiled', 'plumbing', 'mechanical', 'boiler', 'fuelburning', 'fuelstorage', 'standpipe', 'sprinkler', 'firealarm', 'equipment', 'firesuppression', 'curbcut', 'other', 'otherdesc', 'applicantfirstname', 'applicantlastname', 'applicantprofessionaltitle', 'applicantlicensenumber', 'professionalcert', 'prefilingdate', 'paid', 'fullypaid', 'assigned', 'approved', 'fullypermitted', 'initialcost', 'totalestfee', 'feestatus', 'existingzoningsqft', 'proposedzoningsqft', 'horizontalenlrgmt', 'verticalenlrgmt', 'enlargementsqfootage', 'streetfrontage', 'existingnumstories', 'proposednumstories', 'existingheight', 'proposedheight', 'existingdwellingunits', 'proposeddwellingunits', 'existingoccupancy', 'proposedoccupancy', 'sitefill', 'zoningdist1', 'zoningdist2', 'zoningdist3', 'specialdistrict1', 'specialdistrict2', 'ownertype', 'nonprofit', 'ownerfirstname', 'ownerlastname', 'ownerbusinessname', 'ownerhousenumber', 'ownerhousestreetname', 'city', 'state', 'zip', 'ownerphone', 'jobdescription', 'dobrundate', 'jobs1no', 'totalconstructionfloorarea', 'withdrawalflag', 'signoffdate', 'specialactionstatus', 'specialactiondate', 'buildingclass', 'jobnogoodcount', 'latitude', 'longitude', 'councildistrict', 'censustract', 'nta', 'gisbin']"
"EPSG:4326","EPSG:2263","dob_cofos",,"POINT","['OVERWRITE=YES', 'PRECISION=NO']","github","https://raw.githubusercontent.com/NYCPlanning/db-developments/master/developments_build/data/dob_cofos.csv","['AUTODETECT_TYPE=NO', 'EMPTY_STRING_AS_NULL=YES', 'GEOM_POSSIBLE_NAMES=the_geom']","['Jobnum', 'EffectiveDate', 'BIN', 'BoroName', 'HouseNumber', 'StreetName', 'Block', 'Lot', 'numofDwellingUnits', 'OccupancyClass', 'CertificateType', 'BuildingTypeDesc', 'DocStatus']"
"EPSG:4326","EPSG:2263","housing_input_lookup_occupancy",,"POINT","['OVERWRITE=YES', 'PRECISION=NO']","github","https://raw.githubusercontent.com/NYCPlanning/db-developments/master/developments_build/data/housing_input_lookup_occupancy.csv","['AUTODETECT_TYPE=NO', 'EMPTY_STRING_AS_NULL=YES', 'GEOM_POSSIBLE_NAMES=the_geom']","['dobgeneraldesc', 'doboccupancycategorization', 'doboccupancycode2008', 'doboccupancycode1968', 'dobdetaileddescription', 'buildingcode', 'dcpclassificationold', 'dcpclassificationnew']"
"EPSG:4326","EPSG:2263","housing_input_lookup_status",,"POINT","['OVERWRITE=YES', 'PRECISION=NO']","github","https://raw.githubusercontent.com/NYCPlanning/db-developments/master/developments_build/data/housing_input_lookup_status.csv","['AUTODETECT_TYPE=NO', 'EMPTY_STRING_AS_NULL=YES', 'GEOM_POSSIBLE_NAMES=the_geom']","['dobstatus', 'dcpstatus']"
"EPSG:4326","EPSG:2263","housing_input_dcpattributes",,"POINT","['OVERWRITE=YES', 'PRECISION=NO']","github","https://raw.githubusercontent.com/NYCPlanning/db-developments/master/developments_build/data/housing_input_dcpattributes.csv","['AUTODETECT_TYPE=NO', 'EMPTY_STRING_AS_NULL=YES', 'GEOM_POSSIBLE_NAMES=the_geom']","['job_number', 'prop_stories', 'occ_init', 'dcp_occ_pr', 'dcp_occ_category', 'units_init', 'units_prop', 'units_prop_res', 'units_prop_hotel', 'u_net_comp', 'u_net_inc', 'unit_change_preapr2010', 'unit_change_postapr2010', 'unit_change_2011', 'unit_change_2012', 'unit_change_2013', 'unit_change_2014', 'unit_change_2015', 'unit_change_2016', 'unit_change_2017', 'unit_change_2018', 'x_mixeduse', 'bbl', 'bin', 'latitude', 'longitude', 'x_inactive', 'hny_id', 'reason', 'extra']"
"EPSG:4326","EPSG:2263","housing_input_hny",,"POINT","['OVERWRITE=YES', 'PRECISION=NO']","github","https://raw.githubusercontent.com/NYCPlanning/db-developments/master/developments_build/data/housing_input_hny.csv","['AUTODETECT_TYPE=NO', 'EMPTY_STRING_AS_NULL=YES', 'GEOM_POSSIBLE_NAMES=the_geom']","[]"
"EPSG:4326","EPSG:2263","dcp_mappluto","19v1","POLYGON","['OVERWRITE=YES', 'PRECISION=NO']","bytes","https://www1.nyc.gov/assets/planning/download/zip/data-maps/open-data/nyc_mappluto_19v1_shp.zip/MapPLUTO.shp","[]","[]"
"EPSG:4326","EPSG:2263","dcp_mappluto_unclipped","19v1","POLYGON","['OVERWRITE=YES', 'PRECISION=NO']","bytes","https://www1.nyc.gov/assets/planning/download/zip/data-maps/open-data/nyc_mappluto_19v1_unclipped_shp.zip","[]","[]"
"EPSG:4326","EPSG:2263","dcp_pluto","19v1","POINT","['OVERWRITE=YES', 'PRECISION=NO']","bytes","https://www1.nyc.gov/assets/planning/download/zip/data-maps/open-data/nyc_pluto_19v1_csv.zip/pluto_19v1.csv","['AUTODETECT_TYPE=NO', 'EMPTY_STRING_AS_NULL=YES', 'GEOM_POSSIBLE_NAMES=*geom*', 'X_POSSIBLE_NAMES=xcoord', 'Y_POSSIBLE_NAMES=ycoord']","[]"
"EPSG:4326","EPSG:2263","housing_input_hny_job_manual",,"POINT","['OVERWRITE=YES', 'PRECISION=NO']","github","https://raw.githubusercontent.com/NYCPlanning/db-developments/master/developments_build/data/housing_input_hny_job_manual.csv","['AUTODETECT_TYPE=NO', 'EMPTY_STRING_AS_NULL=YES', 'GEOM_POSSIBLE_NAMES=the_geom']","[]"
"EPSG:4326","EPSG:2263","housing_input_removals",,"POINT","['OVERWRITE=YES', 'PRECISION=NO']","github","https://raw.githubusercontent.com/NYCPlanning/db-developments/master/developments_build/data/housing_input_removals.csv","['AUTODETECT_TYPE=NO', 'EMPTY_STRING_AS_NULL=YES', 'GEOM_POSSIBLE_NAMES=the_geom']","[]"
"EPSG:4326","EPSG:2263","hpd_hny_units_by_building",,"POINT","['OVERWRITE=YES', 'PRECISION=NO']","s3","https://sfo2.digitaloceanspaces.com/db-data-recipes/recipes/hpd_hny_units_by_building/2019-08-15/hpd_hny_units_by_building.csv","['AUTODETECT_TYPE=NO', 'EMPTY_STRING_AS_NULL=YES', 'GEOM_POSSIBLE_NAMES=the_geom']","[]"
"EPSG:4326","EPSG:2263","hpd_hny_units_by_project",,"POINT","['OVERWRITE=YES', 'PRECISION=NO']","s3","https://sfo2.digitaloceanspaces.com/db-data-recipes/recipes/hpd_hny_units_by_project/2019-08-15/hpd_hny_units_by_project.csv","['AUTODETECT_TYPE=NO', 'EMPTY_STRING_AS_NULL=YES', 'GEOM_POSSIBLE_NAMES=the_geom']","[]"
"EPSG:4326","EPSG:2263","transitzones",,"MULTIPOLYGON","['OVERWRITE=YES', 'PRECISION=YES']","s3","https://edm-storage.nyc3.digitaloceanspaces.com/TRANSITZONES/20190201/transitzones.zip","[]","[]"
"EPSG:4326","EPSG:2263","inclusionary_housing",,"MULTIPOLYGON","['OVERWRITE=YES', 'PRECISION=NO']","s3","https://edm-storage.nyc3.digitaloceanspaces.com/INCLUSIONARY_HOUSING/20180419/inclusionary_housing.zip","[]","[]"
"EPSG:4326","EPSG:2263","waterfront_access_plan",,"MULTIPOLYGON","['OVERWRITE=YES', 'PRECISION=NO']","s3","https://edm-storage.nyc3.digitaloceanspaces.com/WATERFRONT_ACCESS_PLAN/20190228/waterfront_access_plan.zip","[]","[]"
"EPSG:4326","EPSG:2263","fresh_zones",,"MULTIPOLYGON","['OVERWRITE=YES', 'PRECISION=NO']","s3","https://edm-storage.nyc3.digitaloceanspaces.com/FRESH_ZONES/20190731/fresh_zones.zip","[]","[]"
"EPSG:4326","EPSG:2263","coastal_zone_boundary",,"MULTIPOLYGON","['OVERWRITE=YES', 'PRECISION=NO']","s3","https://edm-storage.nyc3.digitaloceanspaces.com/COASTAL_ZONE_BOUNDARY/20160501/coastal_zone_boundary.zip","[]","[]"
"EPSG:4326","EPSG:2263","ldgma",,"MULTIPOLYGON","['OVERWRITE=YES', 'PRECISION=NO']","s3","https://edm-storage.nyc3.digitaloceanspaces.com/LDGMA/20110901/ldgma.zip","[]","[]"
"EPSG:4326","EPSG:2263","upland_waterfront_areas",,"MULTIPOLYGON","['OVERWRITE=YES', 'PRECISION=NO']","s3","https://edm-storage.nyc3.digitaloceanspaces.com/UPLAND_WATERFRONT_AREA/20091201/upland_waterfront_area.zip","[]","[]"
"EPSG:4326","EPSG:2263","appendixj_designated_mdistricts",,"MULTIPOLYGON","['OVERWRITE=YES', 'PRECISION=NO']","s3","https://edm-storage.nyc3.digitaloceanspaces.com/APPENDIXJ_DESIGNATED_MDISTRICTS/20180730/appendixj_designated_mdistricts.zip","[]","[]"
"EPSG:4326","EPSG:2263","doe_all_proposals","2019/07/22","NONE","['OVERWRITE=YES', 'PRECISION=NO']","local","recipes/data/All_Proposals_Database_07.22.19.csv","['AUTODETECT_TYPE=NO', 'EMPTY_STRING_AS_NULL=YES', 'GEOM_POSSIBLE_NAMES=the_geom']","[]"
"EPSG:4326","EPSG:4326","sca_capital_projects",,"POINT","['OVERWRITE=YES', 'PRECISION=NO']","github","https://raw.githubusercontent.com/NYCPlanning/db-scacapitalprojects/master/scacapitalprojects_build/output/sca_output_carto.csv","['AUTODETECT_TYPE=NO', 'EMPTY_STRING_AS_NULL=YES', 'GEOM_POSSIBLE_NAMES=geometry']","[]"
"EPSG:4326","EPSG:2263","ctpp_journey_to_work",,"NONE","['OVERWRITE=YES', 'PRECISION=NO']","local","recipes/data/31CR to 31CR.csv","['AUTODETECT_TYPE=NO', 'EMPTY_STRING_AS_NULL=YES', 'GEOM_POSSIBLE_NAMES=the_geom']","[]"
"EPSG:4326","EPSG:2263","ctpp_mode_split_ny",,"NONE","['OVERWRITE=YES', 'PRECISION=NO']","local","recipes/data/NY_2012thru2016_A202105.csv","['AUTODETECT_TYPE=NO', 'EMPTY_STRING_AS_NULL=YES', 'GEOM_POSSIBLE_NAMES=the_geom']","[]"
"EPSG:4326","EPSG:4269","uscensus_ct_shp",,"MULTIPOLYGON","['OVERWRITE=YES', 'PRECISION=NO']","s3","https://www2.census.gov/geo/tiger/TIGER2019/TRACT/tl_2019_09_tract.zip","[]","[]"
"EPSG:4326","EPSG:4269","uscensus_nj_shp",,"MULTIPOLYGON","['OVERWRITE=YES', 'PRECISION=NO']","s3","https://www2.census.gov/geo/tiger/TIGER2019/TRACT/tl_2019_34_tract.zip","[]","[]"
"EPSG:4326","EPSG:4269","uscensus_ny_shp",,"MULTIPOLYGON","['OVERWRITE=YES', 'PRECISION=NO']","s3","https://www2.census.gov/geo/tiger/TIGER2019/TRACT/tl_2019_36_tract.zip","[]","[]"
"EPSG:4326","EPSG:2263","sca_bluebook","2018","NONE","['OVERWRITE=YES', 'PRECISION=NO']","local","recipes/data/sca/2018/bluebook.csv","['AUTODETECT_TYPE=NO', 'EMPTY_STRING_AS_NULL=YES', 'GEOM_POSSIBLE_NAMES=the_geom']","['geo_dist', 'org_id', 'organization_name', 'bldg_id', 'bldg_excl.', 'district', 'subd', 'sub_district_name', 'incl._class', 'bldg_name', 'org_e', 'org_target_cap', 'org_target_util', 'prek_cap_+', 'no._of_cluster_/_spec_rms_reported_+', 'no._of_cluster_rms_needed_+', 'ps_%', 'ms_%', 'hs_%', 'charter', 'org_level', 'pc', 'ic', 'hc', 'x', 'y', 'address', 'pe', 'ie']"
"EPSG:4326","EPSG:2263","melissa_input",,"NONE","['OVERWRITE=YES', 'PRECISION=NO']","local","recipes/data/4561440.csv","['AUTODETECT_TYPE=NO', 'EMPTY_STRING_AS_NULL=YES', 'GEOM_POSSIBLE_NAMES=the_geom']","[]"
"EPSG:4326","EPSG:2263","melissa_corrections",,"NONE","['OVERWRITE=YES', 'PRECISION=NO']","local","recipes/data/Melissa_Corrections.csv","['AUTODETECT_TYPE=NO', 'EMPTY_STRING_AS_NULL=YES', 'GEOM_POSSIBLE_NAMES=the_geom']","[]"
"EPSG:4326","EPSG:2263","melissa_outsideofnyc",,"NONE","['OVERWRITE=YES', 'PRECISION=NO']","local","recipes/data/Outside_NYC.csv","['AUTODETECT_TYPE=NO', 'EMPTY_STRING_AS_NULL=YES', 'GEOM_POSSIBLE_NAMES=the_geom']","[]"
"EPSG:4326","EPSG:2263","nysdec_title_v_facility_permits",,"NONE","['OVERWRITE=YES', 'PRECISION=NO']","Open data","https://data.ny.gov/api/views/4n3a-en4b/rows.csv","['AUTODETECT_TYPE=NO', 'EMPTY_STRING_AS_NULL=YES', 'GEOM_POSSIBLE_NAMES=the_geom']","[]"
"EPSG:4326","EPSG:2263","nysdec_state_facility_permits",,"NONE","['OVERWRITE=YES', 'PRECISION=NO']","Open data","https://data.ny.gov/api/views/2wgt-bc53/rows.csv","['AUTODETECT_TYPE=NO', 'EMPTY_STRING_AS_NULL=YES', 'GEOM_POSSIBLE_NAMES=the_geom']","[]"
"EPSG:4326","EPSG:2263","dep_cats_permits",,"NONE","['OVERWRITE=YES', 'PRECISION=NO']","Open data","https://data.cityofnewyork.us/api/views/f4rp-2kvy/rows.csv","['AUTODETECT_TYPE=NO', 'EMPTY_STRING_AS_NULL=YES', 'GEOM_POSSIBLE_NAMES=the_geom']","[]"
"EPSG:4326","EPSG:4326","dcp_lion","19c","LINESTRING","['OVERWRITE=YES', 'PRECISION=NO']","Bytes","http://services5.arcgis.com/GfwWNkhOj9bNBqoJ/arcgis/rest/services/LION/FeatureServer/0/query?where=1=1&outFields=*&outSR=4326&f=geojson","['EMPTY_STRING_AS_NULL=YES']","[]"
"EPSG:4326","EPSG:4326","doitt_elevation_points","9/12/2018","POINT","['OVERWRITE=YES', 'PRECISION=NO']","Open data","https://data.cityofnewyork.us/api/geospatial/szwg-xci6?method=export&format=GeoJSON","[]","[]"
"EPSG:4326","EPSG:4326","doitt_transportation_structures","9/10/2018","MULTIPOLYGON","['OVERWRITE=YES', 'PRECISION=NO']","Open data","https://data.cityofnewyork.us/api/geospatial/h9sf-7bej?method=export&format=GeoJSON","[]","[]"
"EPSG:4326","EPSG:4326","doitt_railroad_structures","9/10/2018","MULTIPOLYGON","['OVERWRITE=YES', 'PRECISION=NO']","Open data","https://data.cityofnewyork.us/api/geospatial/5dic-xnxs?method=export&format=GeoJSON","[]","[]"
"EPSG:4326","EPSG:26918","nysdot_functional_class",,"MULTILINESTRING","['OVERWRITE=YES', 'PRECISION=NO']","Dot arcgis server ","https://gis3.dot.ny.gov/arcgis/rest/services/FC/MapServer/1/query?where=MUNICIPALITY_DESC%3D%27Brooklyn%27+or+MUNICIPALITY_DESC%3D%27Bronx%27+or+MUNICIPALITY_DESC%3D%27Staten+Island%27+or+MUNICIPALITY_DESC%3D%27Manhattan%27+or+MUNICIPALITY_DESC%3D%27Queens%27&outFields=*&f=json","[]","[]"
"EPSG:4326","EPSG:26918","nysdot_aadt",,"MULTILINESTRING","['OVERWRITE=YES', 'PRECISION=NO']","Dot arcgis server ","https://gis3.dot.ny.gov/arcgis/rest/services/TDV/MapServer/4/query?where=MUNI%3D%27CITY+OF+NEW+YORK%27&outFields=*&f=json","[]","[]"
"EPSG:4326","EPSG:26918","nysdot_traffic",2017,"NONE","['OVERWRITE=YES', 'PRECISION=NO']","NYS DOT website https://www.dot.ny.gov/divisions/engineering/technical-services/highway-data-services/hdsb","recipes/data/Count_Statistics_2017.csv","['AUTODETECT_TYPE=NO', 'EMPTY_STRING_AS_NULL=YES', 'GEOM_POSSIBLE_NAMES=the_geom']","[]"
"EPSG:4326","EPSG:4326","dot_traffic_cameras",,"POINT","['OVERWRITE=YES', 'PRECISION=NO']","From website https://webcams.nyctmc.org/new-data.php?query=","recipes/data/dot_traffic_cameras.csv","['AUTODETECT_TYPE=NO', 'EMPTY_STRING_AS_NULL=YES', 'GEOM_POSSIBLE_NAMES=the_geom', 'X_POSSIBLE_NAMES=longitude,x', 'Y_POSSIBLE_NAMES=latitude,y']","[]"
"EPSG:4326","EPSG:4326","cscl",,"MULTILINESTRING","['OVERWRITE=YES', 'PRECISION=NO']","NYC Open data https://data.cityofnewyork.us/City-Government/NYC-Street-Centerline-CSCL-/exjm-f27b","https://data.cityofnewyork.us/api/geospatial/exjm-f27b?method=export&format=GeoJSON","[]","[]"
"EPSG:4326","EPSG:2263","sca_e_projections",2018,"NONE","['OVERWRITE=YES', 'PRECISION=NO']","local","recipes/data/sca/2018/projections.csv","['AUTODETECT_TYPE=NO', 'EMPTY_STRING_AS_NULL=YES', 'GEOM_POSSIBLE_NAMES=the_geom']","[]"
"EPSG:4326","EPSG:2263","sca_e_pct",2018,"NONE","['OVERWRITE=YES', 'PRECISION=NO']","local","recipes/data/sca/2018/pct.csv","['AUTODETECT_TYPE=NO', 'EMPTY_STRING_AS_NULL=YES', 'GEOM_POSSIBLE_NAMES=the_geom']","['id','district','subdistrict','level','multiplier']"
"EPSG:4326","EPSG:4326","nysdec_air_monitoring_stations",,"POINT","['OVERWRITE=YES', 'PRECISION=NO']","NYS open data ","https://data.ny.gov/api/views/qcpj-zdb6/rows.csv","['AUTODETECT_TYPE=NO', 'EMPTY_STRING_AS_NULL=YES', 'GEOM_POSSIBLE_NAMES=the_geom', 'X_POSSIBLE_NAMES=longitude,x', 'Y_POSSIBLE_NAMES=latitude,y']","[]"
"EPSG:4326","EPSG:2263","doe_school_locations",,"POINT","['OVERWRITE=YES', 'PRECISION=NO']","local","recipes/data/doe/Public_School_Locations/Public_Schools_Points_2011-2012A.shp","[]","[]"
"EPSG:4326","EPSG:4326","nysparks_historicplaces",,"POINT","['OVERWRITE=YES', 'PRECISION=NO']","NYS open data ","https://data.ny.gov/api/views/iisn-hnyv/rows.csv","['AUTODETECT_TYPE=NO', 'EMPTY_STRING_AS_NULL=YES', 'GEOM_POSSIBLE_NAMES=the_geom', 'X_POSSIBLE_NAMES=longitude,Longitude,Lon,lon,x', 'Y_POSSIBLE_NAMES=latitude,Latitude,Lat,lat,y']","[]"
"EPSG:4326","EPSG:4326","nysparks_parks",,"POINT","['OVERWRITE=YES', 'PRECISION=NO']","NYS open data ","https://data.ny.gov/api/views/9uuk-x7vh/rows.csv","['AUTODETECT_TYPE=NO', 'EMPTY_STRING_AS_NULL=YES', 'GEOM_POSSIBLE_NAMES=the_geom', 'X_POSSIBLE_NAMES=longitude,Longitude,Lon,lon,x', 'Y_POSSIBLE_NAMES=latitude,Latitude,Lat,lat,y']","[]"
"EPSG:4326","EPSG:2263","doitt_zipcodeboundaries",,"MULTIPOLYGON","['OVERWRITE=YES', 'PRECISION=NO']","Download from Open data to local http://data.cityofnewyork.us/download/i8iw-xf4u/application%2Fzip","recipes/data/doitt/ZIP_CODE_040114/ZIP_CODE_040114.shp","[]","[]"
"EPSG:4326","EPSG:4326","doitt_buildingcentroids",,"POINT","['OVERWRITE=YES', 'PRECISION=NO']","Download from Open data to local https://data.cityofnewyork.us/api/geospatial/hi5t-ngir?method=export&format=GeoJSON","recipes/data/doitt/building_p.geojson","[]","[]"
"EPSG:4326","EPSG:4326","facilities_classification",,"NONE","['OVERWRITE=YES', 'PRECISION=NO']","github","https://raw.githubusercontent.com/NYCPlanning/db-facilities-tmp/dev/referencetables/classification.csv","['AUTODETECT_TYPE=NO', 'EMPTY_STRING_AS_NULL=YES', 'GEOM_POSSIBLE_NAMES=geometry']","[]"
"EPSG:4326","EPSG:2263","dcp_facilities","2019/01/01","POINT","['OVERWRITE=YES', 'PRECISION=NO']","DCP Open Data","https://www1.nyc.gov/assets/planning/download/zip/data-maps/open-data/facilities_shp_201901.zip","[]","[]"
"EPSG:4326","EPSG:4326","tunnel_ventilation_towers",,"POINT","['OVERWRITE=YES', 'PRECISION=NO']","DCP Open Data","https://gist.githubusercontent.com/baolingz/396075390b455ddd6e6af599940fc636/raw/0d4656475daa7cacd2313611324d262c75b19a1d/tunnel_ventilation_tower_map.geojson","[]","[]"
"EPSG:4326","EPSG:4326","dcp_areas_of_concern",,"MULTIPOLYGON","['OVERWRITE=YES', 'PRECISION=NO']","DCP Open Data","https://gist.githubusercontent.com/SPTKL/62618b6cc44ce7b9a52c9896df95e53d/raw/d325f08c2e7a58ad27fd56a5c6b5be9b45667422/map.geojson","[]","[]"
"EPSG:4326","EPSG:2263","zipcode_city_lookup",,"NONE","['OVERWRITE=YES', 'PRECISION=NO']","local","recipes/data/dcp/zipcode_city_lookup.csv","['AUTODETECT_TYPE=NO', 'EMPTY_STRING_AS_NULL=YES', 'GEOM_POSSIBLE_NAMES=the_geom']","['zipcode','city']"
"EPSG:4326","EPSG:4326","dcp_municipalcourtdistricts",,"MULTIPOLYGON","['OVERWRITE=YES', 'PRECISION=NO']","nyc opendata ","https://data.cityofnewyork.us/api/geospatial/7vpq-4bh4?method=export&format=GeoJSON","[]","[]"
"EPSG:4326","EPSG:4326","nypd_policeprecincts",,"MULTIPOLYGON","['OVERWRITE=YES', 'PRECISION=NO']","nyc opendata ","https://data.cityofnewyork.us/api/geospatial/78dh-3ptz?method=export&format=GeoJSON","[]","[]"
"EPSG:4326","EPSG:4326","dcp_stateassemblydistricts",,"MULTIPOLYGON","['OVERWRITE=YES', 'PRECISION=NO']","nyc opendata ","https://data.cityofnewyork.us/api/geospatial/pf5b-73bw?method=export&format=GeoJSON","[]","[]"
"EPSG:4326","EPSG:4326","dcp_statesenatedistricts",,"MULTIPOLYGON","['OVERWRITE=YES', 'PRECISION=NO']","nyc opendata ","https://data.cityofnewyork.us/api/geospatial/h4i2-acfi?method=export&format=GeoJSON","[]","[]"
"EPSG:4326","EPSG:4326","dpr_capitalprojects",,"POINT","['OVERWRITE=YES', 'PRECISION=NO']","PARKS website","https://www.nycgovparks.org/bigapps/DPR_CapitalProjectTracker_001.json","['AUTODETECT_TYPE=NO', 'EMPTY_STRING_AS_NULL=YES', 'GEOM_POSSIBLE_NAMES=the_geom', 'X_POSSIBLE_NAMES=longitude,Longitude,Lon,lon,x', 'Y_POSSIBLE_NAMES=latitude,Latitude,Lat,lat,y']","[]"
"EPSG:4326","EPSG:4326","dot_projects_bridges",,"POINT","['OVERWRITE=YES', 'PRECISION=NO']","FTP","FTP_PREFIX/agencysourcedata/dot/Bridges.geojson","[]","[]"
"EPSG:4326","EPSG:4326","dot_projects_streets",,"MULTILINESTRING","['OVERWRITE=YES', 'PRECISION=NO']","FTP","FTP_PREFIX/agencysourcedata/dot/ProjectStreets.geojson","[]","[]"
"EPSG:4326","EPSG:4326","dot_projects_intersections",,"MultiPoint","['OVERWRITE=YES', 'PRECISION=NO']","FTP","FTP_PREFIX/agencySourceData/dot/ProjectIntersections.geojson","[]","[]"
"EPSG:4326","EPSG:2263","ddc_capitalprojects_infrastructure",,"MULTILINESTRING","['OVERWRITE=YES', 'PRECISION=NO']","FTP","FTP_PREFIX/agencysourcedata/ddc/ddc_CapitalProjects_InfrastructureProjects.zip","[]","[]"
"EPSG:4326","EPSG:2263","ddc_capitalprojects_publicbuildings",,"Polygon","['OVERWRITE=YES', 'PRECISION=NO']","FTP","FTP_PREFIX/agencySourceData/ddc/ddc_CapitalProjects_PublicBuildings.zip","[]","[]"
"EPSG:4326","EPSG:2263","edc_capitalprojects",,"Polygon","['OVERWRITE=YES', 'PRECISION=NO']","FTP","FTP_PREFIX/agencySourceData/edc/edc_capitalprojects.zip","[]","[]"
"EPSG:4326","EPSG:2263","edc_capitalprojects_ferry",,"MultiLineString","['OVERWRITE=YES', 'PRECISION=NO']","FTP","FTP_PREFIX/agencySourceData/edc/edc_capitalprojects_ferry.zip","[]","[]"
"EPSG:4326","EPSG:2263","fisa_capitalcommitments",,"NONE","['OVERWRITE=YES', 'PRECISION=NO']","FTP","FTP_PREFIX/agencySourceData/fisa/AICP_OREQ_CAPPLN_PJCP.csv","['AUTODETECT_TYPE=NO', 'EMPTY_STRING_AS_NULL=YES', 'GEOM_POSSIBLE_NAMES=the_geom', 'X_POSSIBLE_NAMES=longitude,Longitude,Lon,lon,x', 'Y_POSSIBLE_NAMES=latitude,Latitude,Lat,lat,y']","['cycle_fy', 'cycle_name', 'budget_proj_type', 'budget_line_id', 'agency_class_cd', 'unit_of_appr', 'budget_line_descr', 'managing_agcy_cd', 'project_id', 'short_descr', 'object', 'object_name', 'fcst_cnx_amt', 'fcst_cex_amt', 'fcst_st_amt', 'fcst_fd_amt', 'fcst_pv_amt', 'planned_commit_date', 'typ_category', 'typ_category_name']"
"EPSG:4326","EPSG:2263","dcp_cpdb_agencyverified",,"NONE","['OVERWRITE=YES', 'PRECISION=NO']","FTP","FTP_PREFIX/agencySourceData/cpdb/agencyinputtables/dcp_cpdb_agencyverified.csv","['AUTODETECT_TYPE=NO', 'EMPTY_STRING_AS_NULL=YES', 'GEOM_POSSIBLE_NAMES=the_geom', 'X_POSSIBLE_NAMES=longitude,Longitude,Lon,lon,x', 'Y_POSSIBLE_NAMES=latitude,Latitude,Lat,lat,y']","['address', 'agency', 'bbl', 'bin', 'borough', 'bridgeid', 'category','description', 'mappable', 'maprojid', 'origin', 'parkid', 'parkname','zipcode']"
"EPSG:4326","EPSG:4326","dcp_congressionaldistricts",,"MULTIPOLYGON","['OVERWRITE=YES', 'PRECISION=NO']","NYC Open Data","https://data.cityofnewyork.us/api/geospatial/qd3c-zuu7?method=export&format=GeoJSON","[]","[]"
"EPSG:4326","EPSG:4326","fdny_firecompanies",,"MULTIPOLYGON","['OVERWRITE=YES', 'PRECISION=NO']","NYC Open Data","https://data.cityofnewyork.us/api/geospatial/iiv7-jaj9?method=export&format=GeoJSON","[]","[]"
"EPSG:4326","EPSG:2263","acs_daycareheadstart",,"NONE","['OVERWRITE=YES', 'PRECISION=NO']","FTP","FTP_PREFIX/agencysourcedata/acs/acs_facilities_daycareheadstart.csv","['AUTODETECT_TYPE=NO', 'EMPTY_STRING_AS_NULL=YES', 'GEOM_POSSIBLE_NAMES=the_geom']","[]"
"EPSG:4326","EPSG:2263","bpl_libraries",,"NONE","['OVERWRITE=YES', 'PRECISION=NO']","https://www.bklynlibrary.org","https://www.bklynlibrary.org/locations/json","['AUTODETECT_TYPE=NO', 'EMPTY_STRING_AS_NULL=YES', 'GEOM_POSSIBLE_NAMES=the_geom']","[]"
"EPSG:4326","EPSG:2263","dca_operatingbusinesses",,"NONE","['OVERWRITE=YES', 'PRECISION=NO']","NYC Open Data","https://data.cityofnewyork.us/api/views/w7w3-xahh/rows.csv","['AUTODETECT_TYPE=NO', 'EMPTY_STRING_AS_NULL=YES', 'GEOM_POSSIBLE_NAMES=the_geom']","[]"
"EPSG:4326","EPSG:2263","dcas_colp",,"NONE","['OVERWRITE=YES', 'PRECISION=NO']","bytes","https://www1.nyc.gov/assets/planning/download/zip/data-maps/open-data/nyc-colp-shp-201811.zip","['AUTODETECT_TYPE=NO', 'EMPTY_STRING_AS_NULL=YES', 'GEOM_POSSIBLE_NAMES=the_geom']","[]"
"EPSG:4326","EPSG:2263","dcla_culturalinstitutions",,"NONE","['OVERWRITE=YES', 'PRECISION=NO']","NYC Open Data","https://data.cityofnewyork.us/api/views/u35m-9t32/rows.csv","['AUTODETECT_TYPE=NO', 'EMPTY_STRING_AS_NULL=YES', 'GEOM_POSSIBLE_NAMES=the_geom']","[]"
"EPSG:4326","EPSG:2263","dcp_pops",,"NONE","['OVERWRITE=YES', 'PRECISION=NO']","github","https://raw.githubusercontent.com/NYCPlanning/recipes/master/recipes/facdb/dcp_pops.csv","['AUTODETECT_TYPE=NO', 'EMPTY_STRING_AS_NULL=YES', 'GEOM_POSSIBLE_NAMES=the_geom']","[]"
"EPSG:4326","EPSG:2263","dcp_sfpsd",NONE","['OVERWRITE=YES', 'PRECISION=NO']","github","https://raw.githubusercontent.com/NYCPlanning/recipes/master/recipes/facdb/dcp_sfpsd.csv","['AUTODETECT_TYPE=NO', 'EMPTY_STRING_AS_NULL=YES', 'GEOM_POSSIBLE_NAMES=the_geom']","[]"
"EPSG:4326","EPSG:2263","dep_wwtc",,"NONE","['OVERWRITE=YES', 'PRECISION=NO']","github","https://raw.githubusercontent.com/NYCPlanning/recipes/master/recipes/facdb/dep_wwtc.csv","['AUTODETECT_TYPE=NO', 'EMPTY_STRING_AS_NULL=YES', 'GEOM_POSSIBLE_NAMES=the_geom']","[]"
"EPSG:4326","EPSG:2263","dfta_contracts",,"NONE","['OVERWRITE=YES', 'PRECISION=NO']","NYC Open Data","https://data.cityofnewyork.us/api/views/6j6t-3ixh/rows.csv","['AUTODETECT_TYPE=NO', 'EMPTY_STRING_AS_NULL=YES', 'GEOM_POSSIBLE_NAMES=the_geom']","[]"
"EPSG:4326","EPSG:2263","doe_busroutesgarages",,"NONE","['OVERWRITE=YES', 'PRECISION=NO']","NYC Open Data","https://data.cityofnewyork.us/api/views/8yac-vygm/rows.csv","['AUTODETECT_TYPE=NO', 'EMPTY_STRING_AS_NULL=YES', 'GEOM_POSSIBLE_NAMES=the_geom']","[]"
"EPSG:4326","EPSG:2263","doe_lcgms",,"NONE","['OVERWRITE=YES', 'PRECISION=NO']","NYC Open Data","https://data.cityofnewyork.us/api/views/3bkj-34v2/files/56813139-9b9d-44fb-b81d-068553b7a9b7?download=true&filename=LCGMS_SchoolData(additional%20geocoded%20fields%20added).csv","['AUTODETECT_TYPE=NO', 'EMPTY_STRING_AS_NULL=YES', 'GEOM_POSSIBLE_NAMES=the_geom']","[]"
"EPSG:4326","EPSG:2263","doe_universalprek",,"NONE","['OVERWRITE=YES', 'PRECISION=NO']","DOE prek map","https://maps.nyc.gov/prek/data/pka/pka.csv","['AUTODETECT_TYPE=NO', 'EMPTY_STRING_AS_NULL=YES', 'GEOM_POSSIBLE_NAMES=the_geom']","[]"
"EPSG:4326","EPSG:2263","dohmh_daycare",,"NONE","['OVERWRITE=YES', 'PRECISION=NO']","NYC Open Data","https://data.cityofnewyork.us/api/views/dsg6-ifza/rows.csv","['AUTODETECT_TYPE=NO', 'EMPTY_STRING_AS_NULL=YES', 'GEOM_POSSIBLE_NAMES=the_geom']","[]"
"EPSG:4326","EPSG:2263","dot_bridgehouses",,"POINT","['OVERWRITE=YES', 'PRECISION=NO']","FTP","FTP_PREFIX/agencysourcedata/dot/dot_bridgehouses.zip","['AUTODETECT_TYPE=NO', 'EMPTY_STRING_AS_NULL=YES', 'GEOM_POSSIBLE_NAMES=the_geom']","[]"
"EPSG:4326","EPSG:2263","dot_ferryterminals",,"POINT","['OVERWRITE=YES', 'PRECISION=NO']","FTP","FTP_PREFIX/agencysourcedata/dot/dot_ferryterminals.zip","['AUTODETECT_TYPE=NO', 'EMPTY_STRING_AS_NULL=YES', 'GEOM_POSSIBLE_NAMES=the_geom']","[]"
"EPSG:4326","EPSG:2263","dot_mannedfacilities",,"POINT","['OVERWRITE=YES', 'PRECISION=NO']","FTP","FTP_PREFIX/agencysourcedata/dot/dot_mannedfacilities.zip","['AUTODETECT_TYPE=NO', 'EMPTY_STRING_AS_NULL=YES', 'GEOM_POSSIBLE_NAMES=the_geom']","[]"
"EPSG:4326","EPSG:2263","dot_pedplazas",,"POINT","['OVERWRITE=YES', 'PRECISION=NO']","FTP","FTP_PREFIX/agencysourcedata/dot/dot_pedplazas.zip/May 2019_dcp/NYCDOT_Plazas.shp","['AUTODETECT_TYPE=NO', 'EMPTY_STRING_AS_NULL=YES', 'GEOM_POSSIBLE_NAMES=the_geom']","[]"
"EPSG:4326","EPSG:2263","dot_publicparking",,"POINT","['OVERWRITE=YES', 'PRECISION=NO']","FTP","FTP_PREFIX/agencysourcedata/dot/dot_municipalparking.zip","['AUTODETECT_TYPE=NO', 'EMPTY_STRING_AS_NULL=YES', 'GEOM_POSSIBLE_NAMES=the_geom']","[]"
"EPSG:4326","EPSG:4326","dpr_parksproperties",,"MULTIPOLYGON","['OVERWRITE=YES', 'PRECISION=NO']","NYC Opendata","https://data.cityofnewyork.us/api/geospatial/k2ya-ucmv?method=export&format=GeoJSON","[]","[]"
"EPSG:4326","EPSG:2263","dsny_mtsgaragemaintenance",,"POINT","['OVERWRITE=YES', 'PRECISION=NO']","FTP","FTP_PREFIX/agencysourcedata/dsny/DSNY_selected_facilities.zip","['AUTODETECT_TYPE=NO', 'EMPTY_STRING_AS_NULL=YES', 'GEOM_POSSIBLE_NAMES=the_geom']","[]"
"EPSG:4326","EPSG:2263","dycd_afterschoolprograms",,"NONE","['OVERWRITE=YES', 'PRECISION=NO']","NYC Open Data","https://data.cityofnewyork.us/api/views/mbd7-jfnc/rows.csv","['AUTODETECT_TYPE=NO', 'EMPTY_STRING_AS_NULL=YES', 'GEOM_POSSIBLE_NAMES=the_geom']","[]"
"EPSG:4326","EPSG:2263","fbop_corrections",,"NONE","['OVERWRITE=YES', 'PRECISION=NO']","github","https://raw.githubusercontent.com/NYCPlanning/recipes/master/recipes/facdb/fbop_corrections.csv","['AUTODETECT_TYPE=NO', 'EMPTY_STRING_AS_NULL=YES', 'GEOM_POSSIBLE_NAMES=the_geom']","[]"
"EPSG:4326","EPSG:4326","fdny_firehouses",,"NONE","['OVERWRITE=YES', 'PRECISION=NO']","NYC Open Data","https://data.cityofnewyork.us/api/views/hc8x-tcnd/rows.csv","['AUTODETECT_TYPE=NO', 'EMPTY_STRING_AS_NULL=YES', 'GEOM_POSSIBLE_NAMES=the_geom']","[]"
"EPSG:4326","EPSG:2263","foodbankny_foodbanks",,"NONE","['OVERWRITE=YES', 'PRECISION=NO']","http://www.foodbanknyc.org/get-help/","","['AUTODETECT_TYPE=NO', 'EMPTY_STRING_AS_NULL=YES', 'GEOM_POSSIBLE_NAMES=the_geom']","[]"
"EPSG:4326","EPSG:2263","hhc_hospitals",,"NONE","['OVERWRITE=YES', 'PRECISION=NO']","NYC Open Data","https://data.cityofnewyork.us/api/views/f7b6-v6v3/rows.csv","['AUTODETECT_TYPE=NO', 'EMPTY_STRING_AS_NULL=YES', 'GEOM_POSSIBLE_NAMES=the_geom']","[]"
"EPSG:4326","EPSG:2263","hra_centers",,"NONE","['OVERWRITE=YES', 'PRECISION=NO']","s3","https://sfo2.digitaloceanspaces.com/db-data-recipes/recipes/hra_centers/2019-07-12/hra_centers.csv","['AUTODETECT_TYPE=NO', 'EMPTY_STRING_AS_NULL=YES', 'GEOM_POSSIBLE_NAMES=the_geom']","[]"
"EPSG:4326","EPSG:2263","moeo_socialservicesiteloactions",,"NONE","['OVERWRITE=YES', 'PRECISION=NO']","FTP","FTP_PREFIX//agencysourcedata/moeo/Social_Service_Site_Location_DCP_052319.xlsx","['AUTODETECT_TYPE=NO', 'EMPTY_STRING_AS_NULL=YES', 'GEOM_POSSIBLE_NAMES=the_geom']","[]"
"EPSG:4326","EPSG:2263","nycdoc_corrections",,"NONE","['OVERWRITE=YES', 'PRECISION=NO']","https://www1.nyc.gov/site/doc/about/facilities-locations.page","","['AUTODETECT_TYPE=NO', 'EMPTY_STRING_AS_NULL=YES', 'GEOM_POSSIBLE_NAMES=the_geom']","[]"
"EPSG:4326","EPSG:2263","nycha_communitycenters",,"NONE","['OVERWRITE=YES', 'PRECISION=NO']","NYC Open Data","https://data.cityofnewyork.us/api/views/crns-fw6u/rows.csv","['AUTODETECT_TYPE=NO', 'EMPTY_STRING_AS_NULL=YES', 'GEOM_POSSIBLE_NAMES=the_geom']","[]"
"EPSG:4326","EPSG:2263","nycha_policeservice",,"NONE","['OVERWRITE=YES', 'PRECISION=NO']","NYC Open Data","https://data.cityofnewyork.us/api/views/bvi6-r9nk/rows.csv","['AUTODETECT_TYPE=NO', 'EMPTY_STRING_AS_NULL=YES', 'GEOM_POSSIBLE_NAMES=the_geom']","[]"
"EPSG:4326","EPSG:2263","nycourts_courts",,"NONE","['OVERWRITE=YES', 'PRECISION=NO']","github","https://raw.githubusercontent.com/NYCPlanning/recipes/master/recipes/facdb/nycourts_courts.csv","['AUTODETECT_TYPE=NO', 'EMPTY_STRING_AS_NULL=YES', 'GEOM_POSSIBLE_NAMES=the_geom']","[]"
"EPSG:4326","EPSG:2263","nypl_libraries",,"NONE","['OVERWRITE=YES', 'PRECISION=NO']","https://www.nypl.org/locations/list","https://refinery.nypl.org/api/nypl/locations/v1.0/locations","['AUTODETECT_TYPE=NO', 'EMPTY_STRING_AS_NULL=YES', 'GEOM_POSSIBLE_NAMES=the_geom']","[]"
"EPSG:4326","EPSG:26918","nysdec_lands",,"MULTIPOLYGON","['OVERWRITE=YES', 'PRECISION=NO']","DEC website","http://gis.ny.gov/gisdata/data/ds_1114/DEC_lands.zip","[]","[]"
"EPSG:4326","EPSG:2263","nysdec_solidwaste",,"NONE","['OVERWRITE=YES', 'PRECISION=NO']","NYC Open Data","https://data.ny.gov/api/views/2fni-raj8/rows.csv","['AUTODETECT_TYPE=NO', 'EMPTY_STRING_AS_NULL=YES', 'GEOM_POSSIBLE_NAMES=the_geom']","[]"
"EPSG:4326","EPSG:2263","nysdoccs_corrections",,"NONE","['OVERWRITE=YES', 'PRECISION=NO']","http://www.doccs.ny.gov/faclist.html","https://raw.githubusercontent.com/NYCPlanning/recipes/master/recipes/facdb/nysdoccs_corrections.csv","['AUTODETECT_TYPE=NO', 'EMPTY_STRING_AS_NULL=YES', 'GEOM_POSSIBLE_NAMES=the_geom']","[]"
"EPSG:4326","EPSG:2263","nysdoh_healthfacilities",,"NONE","['OVERWRITE=YES', 'PRECISION=NO']","NYC Open Data","https://health.data.ny.gov/api/views/vn5v-hh5r/rows.csv","['AUTODETECT_TYPE=NO', 'EMPTY_STRING_AS_NULL=YES', 'GEOM_POSSIBLE_NAMES=the_geom']","[]"
"EPSG:4326","EPSG:2263","nysdoh_nursinghomes",,"NONE","['OVERWRITE=YES', 'PRECISION=NO']","NYC Open Data","https://health.data.ny.gov/api/views/izta-vnpq/rows.csv","['AUTODETECT_TYPE=NO', 'EMPTY_STRING_AS_NULL=YES', 'GEOM_POSSIBLE_NAMES=the_geom']","[]"
"EPSG:4326","EPSG:2263","nysed_activeinstitutions",,"NONE","['OVERWRITE=YES', 'PRECISION=NO']","s3","https://sfo2.digitaloceanspaces.com/db-data-recipes/pipelines/db-facilities/2019-08-26/nysed_activeinstitutions.csv","['AUTODETECT_TYPE=NO', 'EMPTY_STRING_AS_NULL=YES', 'GEOM_POSSIBLE_NAMES=the_geom']","[]"
"EPSG:4326","EPSG:2263","nysoasas_programs",,"NONE","['OVERWRITE=YES', 'PRECISION=NO']","s3","https://sfo2.digitaloceanspaces.com/db-data-recipes/pipelines/db-facilities/2019-08-26/nysoasas_programs.csv","['AUTODETECT_TYPE=NO', 'EMPTY_STRING_AS_NULL=YES', 'GEOM_POSSIBLE_NAMES=the_geom']","[]"
"EPSG:4326","EPSG:2263","nysomh_mentalhealth",,"NONE","['OVERWRITE=YES', 'PRECISION=NO']","NYC Open Data","https://data.ny.gov/api/views/6nvr-tbv8/rows.csv","['AUTODETECT_TYPE=NO', 'EMPTY_STRING_AS_NULL=YES', 'GEOM_POSSIBLE_NAMES=the_geom']","[]"
"EPSG:4326","EPSG:2263","nysopwdd_providers",,"NONE","['OVERWRITE=YES', 'PRECISION=NO']","NYC Open Data","https://data.ny.gov/api/views/ieqx-cqyk/rows.csv","['AUTODETECT_TYPE=NO', 'EMPTY_STRING_AS_NULL=YES', 'GEOM_POSSIBLE_NAMES=the_geom']","[]"
"EPSG:4326","EPSG:4326","nysparks_historicplaces",,"POINT","['OVERWRITE=YES', 'PRECISION=NO']","NYS open data ","https://data.ny.gov/api/views/iisn-hnyv/rows.csv","['AUTODETECT_TYPE=NO', 'EMPTY_STRING_AS_NULL=YES', 'GEOM_POSSIBLE_NAMES=the_geom', 'X_POSSIBLE_NAMES=longitude,Longitude,Lon,lon,x', 'Y_POSSIBLE_NAMES=latitude,Latitude,Lat,lat,y']","[]"
"EPSG:4326","EPSG:4326","nysparks_parks",,"POINT","['OVERWRITE=YES', 'PRECISION=NO']","NYS open data ","https://data.ny.gov/api/views/9uuk-x7vh/rows.csv","['AUTODETECT_TYPE=NO', 'EMPTY_STRING_AS_NULL=YES', 'GEOM_POSSIBLE_NAMES=the_geom', 'X_POSSIBLE_NAMES=longitude,Longitude,Lon,lon,x', 'Y_POSSIBLE_NAMES=latitude,Latitude,Lat,lat,y']","[]"
"EPSG:4326","EPSG:2263","qpl_libraries",,"NONE","['OVERWRITE=YES', 'PRECISION=NO']","NYC Open Data","https://data.cityofnewyork.us/api/views/kh3d-xhq7/rows.csv","['AUTODETECT_TYPE=NO', 'EMPTY_STRING_AS_NULL=YES', 'GEOM_POSSIBLE_NAMES=the_geom']","[]"
"EPSG:4326","EPSG:2263","sbs_workforce1",,"NONE","['OVERWRITE=YES', 'PRECISION=NO']","NYC Open Data","https://data.cityofnewyork.us/api/views/6smc-7mk6/rows.csv","['AUTODETECT_TYPE=NO', 'EMPTY_STRING_AS_NULL=YES', 'GEOM_POSSIBLE_NAMES=the_geom']","[]"
"EPSG:4326","EPSG:2263","uscourts_courts",,"NONE","['OVERWRITE=YES', 'PRECISION=NO']","github","https://raw.githubusercontent.com/NYCPlanning/recipes/master/recipes/facdb/nysdoccs_corrections.csv","['AUTODETECT_TYPE=NO', 'EMPTY_STRING_AS_NULL=YES', 'GEOM_POSSIBLE_NAMES=the_geom']","[]"
"EPSG:4326","EPSG:4326","usdot_airports",,"POINT","['OVERWRITE=YES', 'PRECISION=NO']","opendata","https://opendata.arcgis.com/datasets/831853ab8b714a81b6a3e21d0b164a4e_0.geojson","['AUTODETECT_TYPE=NO', 'EMPTY_STRING_AS_NULL=YES', 'GEOM_POSSIBLE_NAMES=the_geom']","[]"
"EPSG:4326","EPSG:4326","usdot_ports",,"POINT","['OVERWRITE=YES', 'PRECISION=NO']","opendata","https://opendata.arcgis.com/datasets/93f52f638bb948de9e0f5b1b578bdfaa_0.geojson","[]","[]"
"EPSG:4326","EPSG:4269","usnps_parks",,"MULTIPOLYGON","['OVERWRITE=YES', 'PRECISION=NO']","usnps website","recipes/data/usnps/nps_boundary/nps_boundary.shp","[]","[]"